Date,Visitor,Home,Winner,Margin
01/01/16,ORL,WAS,WAS,12
01/01/16,DAL,MIA,MIA,24
01/01/16,CHA,TOR,TOR,10
01/01/16,NYK,CHI,CHI,27
01/01/16,PHI,LAL,LAL,9
01/02/16,BKN,BOS,BKN,3
01/02/16,PHX,SAC,SAC,23
01/02/16,OKC,CHA,OKC,19
01/02/16,DET,IND,IND,12
01/02/16,ORL,CLE,CLE,25
01/02/16,MIL,MIN,MIL,10
01/02/16,NOP,DAL,NOP,7
01/02/16,HOU,SAS,SAS,18
01/02/16,MEM,UTA,UTA,5
01/02/16,DEN,GSW,GSW,3
01/02/16,PHI,LAC,LAC,31
01/03/16,ATL,NYK,NYK,14
01/03/16,CHI,TOR,CHI,2
01/03/16,MIA,WAS,MIA,22
01/03/16,POR,DEN,POR,6
01/03/16,PHX,LAL,LAL,20
01/04/16,TOR,CLE,CLE,22
01/04/16,MIN,PHI,PHI,10
01/04/16,BOS,BKN,BOS,9
01/04/16,ORL,DET,DET,26
01/04/16,IND,MIA,MIA,3
01/04/16,SAS,MIL,SAS,25
01/04/16,SAC,OKC,SAC,12
01/04/16,HOU,UTA,HOU,2
01/04/16,MEM,POR,MEM,13
01/04/16,CHA,GSW,GSW,10
01/05/16,NYK,ATL,NYK,6
01/05/16,MIL,CHI,CHI,11
01/05/16,SAC,DAL,DAL,1
01/05/16,GSW,LAL,GSW,21
01/06/16,NYK,MIA,NYK,8
01/06/16,IND,ORL,IND,9
01/06/16,CLE,WAS,CLE,6
01/06/16,DET,BOS,DET,5
01/06/16,TOR,BKN,TOR,17
01/06/16,DEN,MIN,DEN,4
01/06/16,DAL,NOP,DAL,9
01/06/16,UTA,SAS,SAS,25
01/06/16,CHA,PHX,CHA,9
01/06/16,MEM,OKC,OKC,18
01/06/16,LAC,POR,LAC,11
01/07/16,ATL,PHI,ATL,28
01/07/16,BOS,CHI,CHI,9
01/07/16,UTA,HOU,HOU,9
01/07/16,LAL,SAC,SAC,3
01/08/16,TOR,WAS,TOR,9
01/08/16,ORL,BKN,ORL,6
01/08/16,DEN,MEM,MEM,7
01/08/16,CLE,MIN,CLE,26
01/08/16,IND,NOP,IND,5
01/08/16,DAL,MIL,MIL,1
01/08/16,NYK,SAS,SAS,1
01/08/16,MIA,PHX,MIA,8
01/08/16,GSW,POR,GSW,20
01/08/16,OKC,LAL,OKC,4
01/09/16,CHA,LAC,LAC,14
01/09/16,CHI,ATL,ATL,15
01/09/16,WAS,ORL,WAS,6
01/09/16,BKN,DET,DET,14
01/09/16,TOR,PHI,TOR,13
01/09/16,MIA,UTA,UTA,15
01/09/16,GSW,SAC,GSW,12
01/10/16,NOP,LAC,LAC,3
01/10/16,DAL,MIN,DAL,6
01/10/16,CLE,PHI,CLE,10
01/10/16,BOS,MEM,MEM,3
01/10/16,IND,HOU,HOU,4
01/10/16,MIL,NYK,NYK,12
01/10/16,CHA,DEN,DEN,3
01/10/16,OKC,POR,POR,5
01/10/16,UTA,LAL,UTA,12
01/11/16,SAS,BKN,SAS,27
01/11/16,WAS,CHI,WAS,14
01/11/16,MIA,GSW,GSW,8
01/12/16,PHX,IND,IND,19
01/12/16,SAS,DET,SAS,10
01/12/16,BOS,NYK,NYK,6
01/12/16,HOU,MEM,HOU,16
01/12/16,CHI,MIL,MIL,5
01/12/16,OKC,MIN,OKC,5
01/12/16,CLE,DAL,CLE,3
01/12/16,NOP,LAL,LAL,4
01/13/16,ATL,CHA,CHA,25
01/13/16,MIL,WAS,WAS,5
01/13/16,NYK,BKN,BKN,6
01/13/16,IND,BOS,BOS,9
01/13/16,MIN,HOU,HOU,3
01/13/16,DAL,OKC,OKC,19
01/13/16,GSW,DEN,DEN,2
01/13/16,UTA,POR,POR,14
01/13/16,NOP,SAC,NOP,12
01/13/16,MIA,LAC,LAC,14
01/14/16,CHI,PHI,CHI,4
01/14/16,DET,MEM,MEM,2
01/14/16,CLE,SAS,SAS,4
01/14/16,SAC,UTA,SAC,2
01/14/16,LAL,GSW,GSW,18
01/14/16,TOR,ORL,TOR,3
01/15/16,WAS,IND,WAS,14
01/15/16,MIN,OKC,OKC,20
01/15/16,PHX,BOS,BOS,14
01/15/16,POR,BKN,POR,12
01/15/16,DAL,CHI,DAL,6
01/15/16,CHA,NOP,NOP,2
01/15/16,ATL,MIL,MIL,7
01/15/16,MIA,DEN,MIA,3
01/15/16,CLE,HOU,CLE,22
01/16/16,MIL,CHA,MIL,13
01/16/16,BKN,ATL,ATL,28
01/16/16,BOS,WAS,BOS,2
01/16/16,GSW,DET,DET,18
01/16/16,POR,PHI,PHI,25
01/16/16,NYK,MEM,MEM,8
01/16/16,LAL,UTA,UTA,27
01/16/16,SAC,LAC,SAC,7
01/17/16,PHX,MIN,MIN,30
01/17/16,MIA,OKC,OKC,25
01/17/16,DAL,SAS,SAS,29
01/17/16,IND,DEN,DEN,3
01/17/16,HOU,LAL,HOU,17
01/18/16,PHI,NYK,NYK,6
01/18/16,UTA,CHA,CHA,5
01/18/16,POR,WAS,POR,10
01/18/16,NOP,MEM,MEM,2
01/18/16,CHI,DET,CHI,10
01/18/16,ORL,ATL,ATL,17
01/18/16,BKN,TOR,TOR,12
01/18/16,GSW,CLE,GSW,34
01/18/16,BOS,DAL,DAL,5
01/18/16,HOU,LAC,LAC,8
01/19/16,MIL,MIA,MIL,12
01/19/16,MIN,NOP,NOP,15
01/19/16,OKC,DEN,OKC,6
01/19/16,IND,PHX,IND,3
01/20/16,PHI,ORL,PHI,9
01/20/16,MIA,WAS,WAS,19
01/20/16,CLE,BKN,CLE,13
01/20/16,UTA,NYK,NYK,7
01/20/16,BOS,TOR,TOR,6
01/20/16,GSW,CHI,GSW,31
01/20/16,DET,HOU,DET,9
01/20/16,CHA,OKC,OKC,14
01/20/16,MIN,DAL,DAL,12
01/20/16,SAC,LAL,SAC,19
01/20/16,ATL,POR,ATL,6
01/21/16,LAC,CLE,CLE,13
01/21/16,DET,NOP,NOP,16
01/21/16,MEM,DEN,MEM,1
01/21/16,ATL,SAC,SAC,3
01/21/16,SAS,PHX,SAS,28
01/22/16,CHA,ORL,CHA,4
01/22/16,CHI,BOS,BOS,9
01/22/16,UTA,BKN,UTA,22
01/22/16,LAC,NYK,LAC,28
01/22/16,MIA,TOR,TOR,20
01/22/16,MIL,HOU,HOU,4
01/22/16,OKC,DAL,OKC,3
01/22/16,IND,GSW,GSW,12
01/22/16,SAS,LAL,SAS,13
01/23/16,NYK,CHA,CHA,13
01/23/16,MIL,NOP,NOP,17
01/23/16,MEM,MIN,MIN,5
01/23/16,CHI,CLE,CHI,13
01/23/16,ATL,PHX,PHX,3
01/23/16,DET,DEN,DEN,3
01/23/16,LAL,POR,POR,18
01/23/16,IND,SAC,SAC,11
01/24/16,DAL,HOU,HOU,11
01/24/16,LAC,TOR,TOR,18
01/24/16,BOS,PHI,BOS,20
01/24/16,OKC,BKN,BKN,10
01/25/16,MIN,CLE,CLE,7
01/25/16,BOS,WAS,BOS,25
01/25/16,MIA,CHI,MIA,5
01/25/16,ORL,MEM,MEM,6
01/25/16,HOU,NOP,HOU,1
01/25/16,ATL,DEN,ATL,14
01/25/16,DET,UTA,DET,3
01/25/16,CHA,SAC,CHA,1
01/25/16,SAS,GSW,GSW,30
01/26/16,LAC,IND,LAC,2
01/26/16,PHX,PHI,PHI,10
01/26/16,MIA,BKN,MIA,4
01/26/16,OKC,NYK,OKC,6
01/26/16,WAS,TOR,TOR,17
01/26/16,ORL,MIL,MIL,7
01/26/16,SAC,POR,POR,15
01/26/16,DAL,LAL,DAL,2
01/27/16,PHX,CLE,CLE,22
01/27/16,DEN,BOS,BOS,8
01/27/16,PHI,DET,DET,13
01/27/16,LAC,ATL,LAC,2
01/27/16,OKC,MIN,OKC,3
01/27/16,HOU,SAS,SAS,31
01/27/16,CHA,UTA,UTA,29
01/27/16,DAL,GSW,GSW,20
01/28/16,ATL,IND,IND,19
01/28/16,DEN,WAS,DEN,4
01/28/16,NYK,TOR,TOR,10
01/28/16,MIL,MEM,MEM,20
01/28/16,SAC,NOP,NOP,9
01/28/16,CHI,LAL,CHI,23
01/29/16,ORL,BOS,BOS,19
01/29/16,CLE,DET,CLE,8
01/29/16,PHX,NYK,NYK,18
01/29/16,HOU,OKC,OKC,8
01/29/16,MIA,MIL,MIA,4
01/29/16,BKN,DAL,DAL,12
01/29/16,MIN,UTA,UTA,13
01/29/16,CHA,POR,POR,18
01/29/16,LAL,LAC,LAC,12
01/30/16,GSW,PHI,GSW,3
01/30/16,DET,TOR,TOR,4
01/30/16,DEN,IND,IND,4
01/30/16,BKN,NOP,NOP,2
01/30/16,WAS,HOU,WAS,1
01/30/16,SAC,MEM,MEM,4
01/30/16,SAS,CLE,CLE,14
01/31/16,CHI,LAC,LAC,27
01/31/16,ATL,MIA,MIA,18
01/31/16,BOS,ORL,ORL,5
01/31/16,PHX,DAL,DAL,13
01/31/16,GSW,NYK,GSW,21
01/31/16,MIN,POR,POR,3
01/31/16,CHA,LAL,CHA,19
02/01/16,CLE,IND,CLE,
02/01/16,DET,BKN,DET,
02/01/16,DAL,ATL,ATL,
02/01/16,MEM,NOP,MEM,
02/01/16,WAS,OKC,OKC,
02/01/16,ORL,SAS,SAS,
02/01/16,TOR,DEN,DEN,
02/01/16,CHI,UTA,UTA,
02/01/16,MIL,SAC,SAC,
02/02/16,BOS,NYK,BOS,
02/02/16,MIA,HOU,MIA,
02/02/16,TOR,PHX,TOR,
02/02/16,MIL,POR,POR,
02/02/16,MIN,LAL,LAL,
02/03/16,CLE,CHA,CHA,
02/03/16,ATL,PHI,ATL,
02/03/16,DET,BOS,BOS,
02/03/16,IND,BKN,IND,
02/03/16,GSW,WAS,GSW,
02/03/16,ORL,OKC,OKC,
02/03/16,MIA,DAL,MIA,
02/03/16,NOP,SAS,SAS,
02/03/16,DEN,UTA,UTA,
02/03/16,CHI,SAC,CHI,
02/03/16,MIN,LAC,MIN,
02/04/06,NYK,DET,DET,
02/04/06,HOU,PHX,HOU,
02/04/06,LAL,NOP,LAL,
02/04/06,TOR,POR,TOR,
02/05/16,IND,ATL,ATL,
02/05/16,MIA,CHA,MIA,
02/05/16,LAC,ORL,LAC,
02/05/16,PHI,WAS,WAS,
02/05/16,SAC,BKN,BKN,
02/05/16,BOS,CLE,BOS,
02/05/16,MEM,NYK,MEM,
02/05/16,CHI,DEN,DEN,
02/05/16,MIL,UTA,UTA,
02/05/16,SAS,DAL,SAS,
02/06/16,POR,HOU,POR,
02/06/16,WAS,CHA,CHA,
02/06/16,DET,IND,IND,
02/06/16,NOP,CLE,CLE,
02/06/16,BKN,PHI,PHI,
02/06/16,DAL,MEM,DAL,
02/06/16,CHI,MIN,MIN,
02/06/16,LAL,SAS,SAS,
02/06/16,UTA,PHX,UTA,
02/06/16,OKC,GSW,GSW,
02/07/16,DEN,NYK,DEN,
02/07/16,ATL,ORL,ORL,
02/07/16,SAC,BOS,BOS,
02/07/16,LAC,MIA,LAC,
02/08/16,CHI,CHA,CHA,
02/08/16,SAC,CLE,CLE,
02/08/16,LAL,IND,IND,
02/08/16,LAC,PHI,LAC,
02/08/16,DEN,BKN,BKN,
02/08/16,TOR,DET,TOR,
02/08/16,ORL,ATL,ORL,
02/08/16,POR,MEM,POR,
02/08/16,NOP,MIN,NOP,
02/08/16,OKC,PHX,OKC,
02/09/16,SAS,MIA,SAS,
02/09/16,WAS,NYK,WAS,
02/09/16,BOS,MIL,MIL,
02/09/16,UTA,DAL,UTA,
02/09/16,HOU,GSW,GSW,
02/10/16,CHA,IND,CHA,
02/10/16,SAS,ORL,SAS,
02/10/16,SAC,PHI,SAC,
02/10/16,LAC,BOS,BOS,
02/10/16,MEM,BKN,MEM,
02/10/16,DEN,DET,DEN,
02/10/16,LAL,CLE,CLE,
02/10/16,ATL,CHI,ATL,
02/10/16,TOR,MIN,MIN,
02/10/16,UTA,NOP,NOP,
02/10/16,GSW,PHX,GSW,
02/10/16,HOU,POR,POR,
02/11/16,WAS,MIL,MIL,
02/11/16,NOP,OKC,OKC,
02/18/16,UTA,WAS,WAS,
02/18/16,CHI,CLE,CLE,
02/18/16,SAS,LAC,LAC,
02/19/16,DAL,ORL,ORL,
02/19/16,DET,WAS,WAS,
02/19/16,NYK,BKN,BKN,
02/19/16,MIA,ATL,MIA,
02/19/16,TOR,CHI,CHI,
02/19/16,MIN,MEM,MEM,
02/19/16,PHI,NOP,NOP,
02/19/16,IND,OKC,IND,
02/19/16,CHA,MIL,CHA,
02/19/16,HOU,PHX,HOU,
02/19/16,GSW,POR,POR,
02/19/16,DEN,SAC,SAC,
02/19/16,BOS,UTA,BOS,
02/19/16,SAS,LAL,SAS,
02/20/16,MIL,ATL,MIL,
02/20/16,WAS,MIA,MIA,
02/20/16,NYK,MIN,NYK,
02/20/16,GSW,LAC,GSW,
02/21/16,NOP,DET,NOP,
02/21/16,CLE,OKC,CLE,
02/21/16,BOS,DEN,BOS,
02/21/16,SAS,PHX,SAS,
02/21/16,CHA,BKN,CHA,
02/21/16,IND,ORL,IND,
02/21/16,MEM,TOR,TOR,
02/21/16,PHI,DAL,DAL,
02/21/16,LAL,CHI,CHI,
02/21/16,UTA,POR,POR,
02/22/16,DET,CLE,DET,
02/22/16,IND,MIA,MIA,
02/22/16,TOR,NYK,TOR,
02/22/16,GSW,ATL,GSW,
02/22/16,LAL,MIL,MIL,
02/22/16,BOS,MIN,MIN,
02/22/16,PHX,LAC,LAC,
02/23/16,NOP,WAS,WAS,
02/23/16,SAC,DEN,SAC,
02/23/16,ORL,PHI,ORL,
02/23/16,HOU,UTA,UTA,
02/23/16,BKN,POR,POR,
02/24/16,CHA,CLE,CLE,
02/24/16,NYK,IND,IND,
02/24/16,PHI,DET,DET,
02/24/16,GSW,MIA,GSW,
02/24/16,MIN,TOR,TOR,
02/24/16,WAS,CHI,CHI,
02/24/16,LAL,MEM,MEM,
02/24/16,OKC,DAL,OKC,
02/24/16,DEN,LAC,DEN,
02/24/16,SAS,SAC,SAS,
02/25/16,GSW,ORL,GSW,
02/25/16,MIL,BOS,BOS,
02/25/16,OKC,NOP,NOP,
02/25/16,BKN,PHX,BKN,
02/25/16,HOU,POR,HOU,
02/25/16,SAS,UTA,SAS,
02/26/16,CHA,IND,CHA,
02/26/16,WAS,PHI,WAS,
02/26/16,ORL,NYK,NYK,
02/26/16,CLE,TOR,TOR,
02/26/16,CHI,ATL,ATL,
02/26/16,DEN,DAL,DAL,
02/26/16,LAC,SAC,LAC,
02/26/16,MEM,LAL,MEM,
02/27/16,MIA,BOS,BOS,
02/27/16,MIN,NOP,MIN,
02/27/16,POR,CHI,POR,
02/27/16,SAS,HOU,SAS,
02/27/16,DET,MIL,DET,
02/27/16,GSW,OKC,GSW,
02/27/16,MEM,PHX,PHX,
02/27/16,BKN,UTA,BKN,
02/28/16,CLE,WAS,WAS,
02/28/16,CHA,ATL,ATL,
02/28/16,TOR,DET,DET,
02/28/16,POR,IND,POR,
02/28/16,PHI,ORL,ORL,
02/28/16,MIN,DAL,DAL,
02/28/16,MIA,NYK,MIA,
02/29/16,IND,CLE,CLE,
02/29/16,PHI,WAS,WAS,
02/29/16,UTA,BOS,BOS,
02/29/16,HOU,MIL,MIL,
02/29/16,MEM,DEN,MEM,
02/29/16,OKC,SAC,OKC,
02/29/16,BKN,LAC,LAC,
03/01/16,PHX,CHA,CHA,
03/01/16,CHI,MIA,MIA,
03/01/16,POR,NYK,POR,
03/01/16,ORL,DAL,DAL,
03/01/16,ATL,GSW,GSW,
03/01/16,BKN,LAL,LAL,
03/02/16,CHI,ORL,ORL,
03/02/16,CHA,PHI,CHA,
03/02/16,POR,BOS,BOS,
03/02/16,UTA,TOR,TOR,
03/02/16,NOP,HOU,HOU,
03/02/16,SAC,MEM,MEM,
03/02/16,IND,MIL,IND,
03/02/16,WAS,MIN,WAS,
03/02/16,DET,SAS,SAS,
03/02/16,LAL,DEN,DEN,
03/02/16,OKC,LAC,LAC,
03/03/16,PHX,MIA,MIA,
03/03/16,SAS,NOP,SAS,
03/03/16,SAC,DAL,SAC,
03/03/16,OKC,GSW,GSW,
03/04/16,IND,CHA,CHA,
03/04/16,PHX,ORL,PHX,
03/04/16,MIA,PHI,MIA,
03/04/16,NYK,BOS,BOS,
03/04/16,POR,TOR,TOR,
03/04/16,WAS,CLE,CLE,
03/04/16,UTA,MEM,MEM,
03/04/16,MIN,MIL,MIL,
03/04/16,BKN,DEN,BKN,
03/04/16,ATL,LAL,ATL,
03/05/16,BOS,CLE,CLE,
03/05/16,DET,NYK,NYK,
03/05/16,IND,WAS,IND,
03/05/16,UTA,NOP,UTA,
03/05/16,BKN,MIN,MIN,
03/05/16,HOU,CHI,CHI,
03/05/16,SAC,SAS,SAS,
03/05/16,ATL,LAC,ATL,
03/06/16,OKC,MIL,OKC,
03/06/16,GSW,LAL,LAL,
03/06/16,PHX,MEM,PHX,
03/06/16,DAL,DEN,DEN,
03/06/16,POR,DET,DET,
03/06/16,PHI,MIA,MIA,
03/06/16,HOU,TOR,HOU,
03/07/16,MIN,CHA,CHA,
03/07/16,MEM,CLE,MEM,
03/07/16,SAS,IND,IND,
03/07/16,MIL,CHI,CHI,
03/07/16,SAC,NOP,NOP,
03/07/16,LAC,DAL,LAC,
03/07/16,ORL,GSW,GSW,
03/08/16,BKN,TOR,TOR,
03/08/16,SAS,MIN,SAS,
03/08/16,NYK,DEN,DEN,
03/08/16,ATL,UTA,ATL,
03/08/16,WAS,POR,POR,
03/08/16,ORL,LAL,LAL,
03/09/16,NOP,CHA,CHA,
03/09/16,HOU,PHI,HOU,
03/09/16,MEM,BOS,BOS,
03/09/16,MIA,MIL,MIL,
03/09/16,DET,DAL,DET,
03/09/16,NYK,PHX,NYK,
03/09/16,LAC,OKC,OKC,
03/09/16,CLE,SAC,CLE,
03/09/16,UTA,GSW,GSW,
03/10/16,ATL,TOR,ATL,
03/10/16,CHI,SAS,SAS,
03/10/16,PHX,DEN,DEN,
03/10/16,CLE,LAL,CLE,
03/11/16,DET,CHA,CHA,
03/11/16,BKN,PHI,PHI,
03/11/16,HOU,BOS,HOU,
03/11/16,MIA,CHI,MIA,
03/11/16,NOP,MEM,MEM,
03/11/16,MIN,OKC,MIN,
03/11/16,WAS,UTA,UTA,
03/11/16,ORL,SAC,ORL,
03/11/16,POR,GSW,GSW,
03/11/16,NYK,LAC,LAC,
03/12/16,IND,DAL,IND,
03/12/16,HOU,CHA,CHA,
03/12/16,DET,PHI,DET,
03/12/16,MIA,TOR,TOR,
03/12/16,MEM,ATL,ATL,
03/12/16,NOP,MIL,MIL,
03/12/16,OKC,SAS,SAS,
03/12/16,WAS,DEN,DEN,
03/12/16,PHX,GSW,GSW,
03/12/16,ORL,POR,POR,
03/13/16,CLE,LAL,CLE,
03/13/16,IND,ATL,ATL,
03/13/16,UTA,SAC,UTA,
03/13/16,MIL,BKN,MIL,
03/13/16,NYK,LAL,NYK,
03/14/16,DAL,CHA,DAL,
03/14/16,DEN,MIA,MIA,
03/14/16,CHI,TOR,CHI,
03/14/16,DET,WAS,WAS,
03/14/16,MEM,HOU,HOU,
03/14/16,POR,OKC,OKC,
03/14/16,MIN,PHX,PHX,
03/14/16,CLE,UTA,UTA,
03/14/16,NOP,GSW,GSW,
03/15/16,BOS,IND,IND,
03/15/16,DEN,ORL,ORL,
03/15/16,PHI,BKN,BKN,
03/15/16,TOR,MIL,TOR,
03/15/16,LAC,SAS,SAS,
03/15/16,SAC,LAL,SAC,
03/16/16,OKC,BOS,OKC,
03/16/16,ORL,CHA,CHA,
03/16/16,DAL,CLE,CLE,
03/16/16,CHI,WAS,WAS,
03/16/16,ATL,DET,ATL,
03/16/16,MIN,MEM,MIN,
03/16/16,LAC,HOU,LAC,
03/16/16,NOP,SAC,NOP,
03/16/16,NYK,GSW,GSW,
03/17/16,TOR,IND,TOR,
03/17/16,WAS,PHI,WAS,
03/17/16,CHA,MIA,CHA,
03/17/16,DEN,ATL,ATL,
03/17/16,BKN,CHI,CHI,
03/17/16,MEM,MIL,MIL,
03/17/16,POR,SAS,SAS,
03/17/16,PHX,UTA,UTA,
03/18/16,CLE,ORL,CLE,
03/18/16,OKC,PHI,OKC,
03/18/16,SAC,DET,DET,
03/18/16,BOS,TOR,TOR,
03/18/16,MIN,HOU,HOU,
03/18/16,POR,NOP,POR,
03/18/16,GSW,DAL,GSW,
03/18/16,PHX,LAL,PHX,
03/19/16,DEN,CHA,DEN,
03/19/16,BKN,DET,DET,
03/19/16,OKC,IND,OKC,
03/19/16,NYK,WAS,WAS,
03/19/16,HOU,ATL,ATL,
03/19/16,CLE,MIA,MIA,
03/19/16,UTA,CHI,CHI,
03/19/16,LAC,MEM,MEM,
03/19/16,GSW,SAS,SAS,
03/20/16,POR,DAL,DAL,
03/20/16,ORL,TOR,TOR,
03/20/16,BOS,PHI,BOS,
03/20/16,LAC,NOP,NOP,
03/20/16,UTA,MIL,UTA,
03/20/16,SAC,NYK,SAC,
03/21/16,SAS,CHA,CHA,
03/21/16,DEN,CLE,CLE,
03/21/16,PHI,IND,IND,
03/21/16,ORL,BOS,BOS,
03/21/16,MIL,DET,DET,
03/21/16,WAS,ATL,WAS,
03/21/16,SAC,CHI,CHI,
03/21/16,GSW,MIN,GSW,
03/21/16,MEM,PHX,MEM,
03/22/16,CHA,BKN,CHA,
03/22/16,MIA,NOP,MIA,
03/22/16,HOU,OKC,OKC,
03/22/16,MEM,LAL,LAL,
03/23/16,ATL,WAS,ATL,
03/23/16,MIL,CLE,CLE,
03/23/16,TOR,BOS,BOS,
03/23/16,ORL,DET,DET,
03/23/16,NYK,CHI,NYK,
03/23/16,UTA,HOU,UTA,
03/23/16,SAC,MIN,MIN,
03/23/16,MIA,SAS,SAS,
03/23/16,PHI,DEN,DEN,
03/23/16,LAL,PHX,PHX,
03/23/16,DAL,POR,POR,
03/23/16,LAC,GSW,GSW,
03/24/16,NOP,IND,IND,
03/24/16,CLE,BKN,BKN,
03/24/16,CHI,NYK,NYK,
03/24/16,UTA,OKC,OKC,
03/24/16,POR,LAC,LAC,
03/25/16,MIN,WAS,MIN,
03/25/16,CHA,DET,DET,
03/25/16,ORL,MIA,MIA,
03/25/16,MIL,ATL,ATL,
03/25/16,TOR,HOU,HOU,
03/25/16,MEM,SAS,SAS,
03/25/16,PHX,SAC,SAC,
03/25/16,DAL,GSW,GSW,
03/25/16,DEN,LAL,DEN,
03/26/16,IND,BKN,BKN,
03/26/16,CHI,ORL,ORL,
03/26/16,TOR,NOP,TOR,
03/26/16,ATL,DET,ATL,
03/26/16,CLE,NYK,CLE,
03/26/16,UTA,MIN,UTA,
03/26/16,SAS,OKC,OKC,
03/26/16,CHA,MIL,CHA,
03/26/16,BOS,PHX,BOS,
03/26/16,PHI,POR,POR,
03/27/16,DEN,LAC,LAC,
03/27/16,HOU,IND,IND,
03/27/16,DAL,SAC,SAC,
03/27/16,PHI,GSW,GSW,
03/27/16,WAS,LAL,WAS,
03/28/16,BKN,MIA,MIA,
03/28/16,OKC,TOR,OKC,
03/28/16,ATL,CHI,ATL,
03/28/16,SAS,MEM,SAS,
03/28/16,PHX,MIN,MIN,
03/28/16,NYK,NOP,NOP,
03/28/16,DAL,DEN,DAL,
03/28/16,LAL,UTA,UTA,
03/28/16,SAC,POR,POR,
03/28/16,BOS,LAC,LAC,
03/29/16,CHI,IND,CHI,
03/29/16,BKN,ORL,ORL,
03/29/16,CHA,PHI,CHA,
03/29/16,OKC,DET,DET,
03/29/16,HOU,CLE,HOU,
03/29/16,WAS,GSW,GSW,
03/30/16,ATL,TOR,TOR,
03/30/16,DEN,MEM,DEN,
03/30/16,PHX,MIL,MIL,
03/30/16,LAC,MIN,LAC,
03/30/16,NYK,DAL,DAL,
03/30/16,NOP,SAS,SAS,
03/30/16,GSW,UTA,GSW,
03/30/16,WAS,SAC,SAC,
03/30/16,MIA,LAL,LAL,
03/31/16,BKN,CLE,CLE,
03/31/16,ORL,IND,ORL,
03/31/16,CHI,HOU,CHI,
03/31/16,DEN,NOP,NOP,
03/31/16,LAC,OKC,OKC,
03/31/16,BOS,POR,POR,
04/01/16,PHI,CHA,CHA,
04/01/16,DAL,DET,DAL,
04/01/16,BKN,NYK,NYK,
04/01/16,CLE,ATL,CLE,
04/01/16,TOR,MEM,TOR,
04/01/16,ORL,MIL,MIL,
04/01/16,MIN,UTA,UTA,
04/01/16,MIA,SAC,MIA,
04/01/16,BOS,GSW,BOS,
04/01/16,WAS,PHX,WAS,
04/02/16,IND,PHI,IND,
04/02/16,DET,CHI,DET,
04/02/16,TOR,SAS,SAS,
04/02/16,SAC,DEN,SAC,
04/02/16,MIA,POR,POR,
04/03/16,NOP,BKN,NOP, 
04/03/16,CHA,CLE,CLE,
04/03/16,OKC,HOU,HOU,
04/03/16,DAL,MIN,DAL,
04/03/16,WAS,LAC,LAC,
04/03/16,MEM,ORL,ORL,
04/03/16,UTA,PHX,UTA,
04/03/16,CHI,MIL,CHI,
04/03/16,IND,NYK,IND,
04/03/16,POR,GSW,GSW,
04/03/16,BOS,LAL,BOS,
04/05/16,NOP,PHI,PHI,
04/05/16,CHA,TOR,TOR,
04/05/16,DET,MIA,DET,
04/05/16,PHX,ATL,ATL,
04/05/16,CHI,MEM,MEM,
04/05/16,CLE,MIL,CLE,
04/05/16,OKC,DEN,OKC,
04/05/16,SAS,UTA,SAS,
04/05/16,POR,SAC,POR,
04/05/16,MIN,GSW,MIN,
04/05/16,LAL,LAC,LAC,
04/06/16,CLE,IND,IND,
04/06/16,DET,ORL,DET,
04/06/16,BKN,WAS,WAS,
04/06/16,NOP,BOS,BOS,
04/06/16,CHA,NYK,CHA,
04/06/16,HOU,DAL,DAL,
04/06/16,OKC,POR,POR,
04/06/16,LAC,LAL,LAC,
04/07/16,TOR,ATL,ATL,
04/07/16,CHI,MIA,MIA,
04/07/16,PHX,HOU,PHX,
04/07/16,MIN,SAC,MIN,
04/07/16,SAS,GSW,GSW,
04/08/16,BKN,CHA,CHA,
04/08/16,MIA,ORL,ORL,
04/08/16,NYK,PHI,NYK,
04/08/16,MIL,BOS,BOS,
04/08/16,WAS,DET,DET,
04/08/16,IND,TOR,TOR,
04/08/16,LAL,NOP,NOP,
04/08/16,MEM,DAL,DAL,
04/08/16,SAS,DEN,DEN,
04/08/16,LAC,UTA,LAC,
04/09/16,PHX,NOP,PHX,
04/09/16,BOS,ATL,ATL,
04/09/16,GSW,MEM,GSW,
04/09/16,CLE,CHI,CHI,
04/09/16,MIN,POR,MIN,
04/09/16,OKC,SAC,SAC,
04/10/16,CHA,WAS,WAS,
04/10/16,LAL,HOU,HOU,
04/10/16,DAL,LAC,LAC,
04/10/16,MIL,PHI,MIL,
04/10/16,UTA,DEN,UTA,
04/10/16,BKN,IND,IND,
04/10/16,ORL,MIA,MIA,
04/10/16,GSW,SAS,GSW,
04/10/16,TOR,NYK,TOR,
04/11/16,ATL,CLE,CLE,
04/11/16,MIL,ORL,ORL,
04/11/16,CHA,BOS,CHA,
04/11/16,WAS,BKN,WAS,
04/11/16,HOU,MIN,HOU,
04/11/16,CHI,NOP,CHI,
04/11/16,LAL,OKC,OKC,
04/11/16,DAL,UTA,DAL,
04/11/16,SAC,PHX,SAC,
04/12/16,NYK,IND,IND,
04/12/16,MIA,DET,MIA,
04/12/16,PHI,TOR,TOR,
04/12/16,OKC,SAS,SAS,
04/12/16,MEM,LAC,LAC,
04/13/16,MIA,BOS,BOS,
04/13/16,TOR,BKN,TOR,
04/13/16,ORL,CHA,CHA,
04/13/16,DET,CLE,DET,
04/13/16,ATL,WAS,WAS,
04/13/16,PHI,CHI,CHI,
04/13/16,SAS,DAL,SAS,
04/13/16,SAC,HOU,HOU,
04/13/16,IND,MIL,IND,
04/13/16,NOP,MIN,MIN,
04/13/16,MEM,GSW,GSW,
04/13/16,UTA,LAL,LAL,
04/13/16,LAC,PHX,PHX,
04/13/16,DEN,POR,POR,